"V1","V2"
"Abigail Bull - Aller","Aller"
"Adam Holt","Holt"
"Alberto Carballo","Carballo"
"Allen McNamara","McNamara"
"Andrew Schaeffer","Schaeffer"
"Anne Glerum","Glerum"
"Anthony Osei Tutu","Tutu"
"Arushi Saxena","Saxena"
"Austin Green","Green"
"Bart Niday","Niday"
"Benjamin Smith","Smith"
"Bob Myhill","Myhill"
"Carolyn Branecky","Branecky"
"Cedric Thieulot","Thieulot"
"Christian Huettig","Huettig"
"Christine Shiels","Shiels"
"Claire Currie","Currie"
"Claire Perry","Perry"
"Claudia Adam","Adam"
"Clinton Conrad","Conrad"
"Cynthia Ebinger","Ebinger"
"Dave May","May"
"David Gephardt","Gephardt"
"Diandian Peng","Peng"
"Douglas Gupthill","Gupthill"
"Elbridge Gerry Puckett","Puckett"
"Emmanuel Njinju","Njinju"
"Erkan Gün","Gün"
"Eva Bredow","Bredow"
"Felipe Orellana","Orellana"
"Garrett Ito","Ito"
"Guangliang Wu","Wu"
"Hadi Ghofrani","Ghofrani"
"Hannah Mark","Mark"
"Harsha Lokavarapu","Lokavarapu"
"Hiro Matsui","Matsui"
"Huilin Wang","Wang"
"Ian Rose","Rose"
"Jacky Austermann","Austermann"
"Jared Butler","Butler"
"Jed Brown","Brown"
"John Naliboff","Naliboff"
"Jolante Van Wijk","Wijk"
"Jonathan Kay","Kay"
"Jonathan Perry-Houts","Perry-Houts"
"Jonathan Robey","Robey"
"Joseph Schools","Schools"
"Joshua Guerrero","Guerrero"
"Juan Rodriguez-Gonzalez","Rodriguez-Gonzalez"
"Julian Lowman","Lowman"
"Juliane Dannberg","Dannberg"
"Kathryn Volk","Volk"
"Katrina Arredondo","Arredondo"
"Kimee Moore","Moore"
"Kirstie Haynie","Haynie"
"Laetitia Le Pourhiet","Pourhiet"
"Laurent Montesi","Montesi"
"Lev Keratin","Lev Keratin"
"Liting Liu","Liu"
"Lorraine Hwang","Hwang"
"Louis Moresi","Moresi"
"Louise Kellogg","Kellogg"
"Lucy Flesch","Flesch"
"Ludovic Jeanniot","Jeanniot"
"Magda Oliveira","Oliveira"
"Margarete Jadamec","Jadamec"
"Marie Kajan Thomas","Thomas"
"Matt Weller","Weller"
"Maxwell Rudolph","Rudolph"
"Meghan Miller","Miller"
"Menno Fraters","Fraters"
"Nan Zhang","Zhang"
"Nestor Cerpa","Cerpa"
"Neta Bar","Bar"
"Nian Wang","Wang"
"Oguz Gogus","Gogus"
"Patcharaporn Maneerat","Maneerat"
"Paul Bremner","Bremner"
"Pierre-Andre Arrial","Arrial"
"Pierre-Michel Rouleau","Rouleau"
"Rajesh Kommu","Kommu"
"Rebecca Harrington","Harrington"
"Rene Gassmoeller","Gassmoeller"
"Robert Moucha","Moucha"
"Rosas Bonilla","Bonilla"
"Ross Maguire","Maguire"
"Ryan Grove","Grove"
"Sabber Ahamed","Ahamed"
"Sam Cox","Cox"
"Samuel Butler","Butler"
"Sarah Stamps","Stamps"
"Scott King","King"
"Scott Tarlow","Tarlow"
"Sean Langemeyer","Langemeyer"
"Sean Trim","Trim"
"Shangxin Liu","Liu"
"Shijie Zhong","Zhong"
"Sibiao Liu","Liu"
"Siobhan Campbell","Campbell"
"Siqi Zhang","Zhang"
"Sophie Coulson","Coulson"
"Tahiry Rajaonarison","Rajaonarison"
"Tai-Chieh Yu","Yu"
"Takashi Nakagawa","Nakagawa"
"Tasca Santimano","Santimano"
"Timo Heister","Heister"
"Tobias Keller","Keller"
"Ulrich Hansen","Hansen"
"W. Roger Buck ","Buck"
"Wanying Wang","Wang"
"Weisen Shen","Shen"
"William Holt","Holt"
"Wolfgang Bangerth","Bangerth"
"Xi Liu","Liu"
"Xiaowen Liu","Liu"
"Xiwei Chen","Chen"
"Yajing Liu","Liu"
"Ying He","He"
