"","allauthors","Freq"
"1"," {\'A}rnad{\'o}ttir, T.",1
"2"," Aagaard, B.",2
"3"," Aagaard, B. T.",1
"4"," Abers, G. A.",1
"5"," Abrahamson, N.",1
"6"," Abrahamson, N. A.",1
"7"," Abreu, R.",2
"8"," Adalgeirsdottir, G.",1
"9"," Adam, J. M-C",1
"10"," Afonso, J. C.",1
"11"," Agata, R.",1
"12"," Agosta, C.",1
"13"," Agostini, A.",1
"14"," Ahern, T.",1
"15"," Ailleres, L.",1
"16"," Aiman, Y. A.",1
"17"," Aivazis, M.",1
"18"," Aizenberg, A. M.",1
"19"," Albert, R.",1
"20"," Allemand, P.",1
"21"," Allen, A.",1
"22"," Allen, M. B.",1
"23"," Allen, R. M.",1
"24"," Alp, E. E.",1
"25"," Altamura, S.",1
"26"," Amado Mendes, P.",1
"27"," Amit, H.",1
"28"," Amorosi, A.",1
"29"," Ampuero, J-P",9
"30"," Ampuero, J. P.",3
"31"," An, C.",1
"32"," Anderson, D. L.",1
"33"," Andersson, F.",1
"34"," Andrews, D. J.",1
"35"," Ansan, V.",1
"36"," Antonioli, F.",3
"37"," Antoshechkina, P.",1
"38"," Anzidei, M.",2
"39"," Aochi, H.",1
"40"," Aoki, Y.",1
"41"," Archuleta, R.",1
"42"," Arkani-Hamed, J.",2
"43"," Armitage, J. J.",1
"44"," Arndt, N. T.",1
"45"," Asaithambi, R.",1
"46"," Asimow, P.",1
"47"," Aslam, K.",1
"48"," Aubert, J.",3
"49"," Audet, P.",1
"50"," Auer, L.",1
"51"," Augustson, K. C.",1
"52"," Auriemma, R.",1
"53"," Aurnou, J. M.",1
"54"," Avery, M.",1
"55"," Avouac, J-P",5
"56"," B??se, M.",1
"57"," B{\'a}ez, J. C.",1
"58"," B{\""o}se, M.",2
"59"," B{\""u}rgmann, R.",1
"60"," Baez, J. C.",2
"61"," Bahavar, M.",2
"62"," Bai, K.",1
"63"," Baillet, L.",1
"64"," Baker, A. M.",1
"65"," Bakker, M.",1
"66"," Ballmer, M. D.",2
"67"," Bamber, J. L.",2
"68"," Banerdt, B.",2
"69"," Banerdt, W. B.",5
"70"," Banerjee, P.",2
"71"," Banfield, D.",1
"72"," Bangerth, W.",7
"73"," Bangerth, Wolfgang",1
"74"," Banks, M.",2
"75"," Bannister, S.",2
"76"," Bansal, A. K.",1
"77"," Bao, X.",1
"78"," Bar{\'o}n, J.",2
"79"," Barall, M.",4
"80"," Baranov, A. A.",1
"81"," Baratoux, D.",1
"82"," Barbot, S.",4
"83"," Barbot, S. D.",2
"84"," Bard, P-Y",1
"85"," Barklage, M.",1
"86"," Barletta, V. R.",1
"87"," Barnes, C.",2
"88"," Barnhart, W. D.",3
"89"," Barnouin, O.",1
"90"," Barnouin, O. S.",1
"91"," Barsuglia, M.",2
"92"," Bartholomaus, T.",1
"93"," Basini, P.",5
"94"," Bauer, K.",1
"95"," Beavan, J.",1
"96"," Bechor, N.",1
"97"," Becker, M.",1
"98"," Becker, T. W.",11
"99"," Bedford, J.",3
"100"," Bedford, J. R.",1
"101"," Beeler, N. M.",1
"102"," Begg, J.",1
"103"," Beghein, C.",3
"104"," Behn, M. D.",3
"105"," Bekki, Y.",1
"106"," Bell, S. W.",1
"107"," Benjeddou, S.",1
"108"," Bennati, L.",1
"109"," Bennett, R. A.",1
"110"," Berbellini, A.",1
"111"," Bernard, P.",1
"112"," Bertrand, H.",1
"113"," Beucler, E.",2
"114"," Bevis, M.",4
"115"," Beyer, R.",1
"116"," Bhandary, N. P.",2
"117"," Bhat, H.",1
"118"," Bianco, T. A.",1
"119"," Billen, M. I.",12
"120"," Bina, C. R.",1
"121"," Bindschadler, D. L.",3
"122"," Bini, M.",1
"123"," Blackman, D.",1
"124"," Blanc, E.",1
"125"," Blitz, C.",2
"126"," Blom, C.",1
"127"," Bock, Y.",2
"128"," Bodin, T.",1
"129"," Bonaccorso, A.",2
"130"," Bonamini, M.",1
"131"," Bondesan, A.",1
"132"," Bonforte, A.",1
"133"," Bordes, Clarisse",1
"134"," Borisov, D.",1
"135"," Boschi, E.",1
"136"," Boschi, L.",5
"137"," Bostock, M. G.",1
"138"," Bottazzi, F.",1
"139"," Bottke, W.",1
"140"," Bou{\'e}, P.",1
"141"," Boue, P.",1
"142"," Bouilhol, P.",5
"143"," Boy, J-P",1
"144"," Bozda~, E.",1
"145"," Bozdag, E.",5
"146"," Bradley, S.",1
"147"," Braitenberg, C.",1
"148"," Brandon, A. D.",1
"149"," Brandon, M. T.",1
"150"," Bray, V.",1
"151"," Bredow, E.",2
"152"," Breuer, D.",1
"153"," Briand, X.",1
"154"," Briggs, R.",1
"155"," Brinkhuis, H.",1
"156"," Brissaud, Q.",1
"157"," Brito, Daniel",1
"158"," Broggini, F.",1
"159"," Brown, B.",1
"160"," Brown, L. D.",1
"161"," Brownlee, S. J.",1
"162"," Bruckner, H.",1
"163"," Bruthiaux, E.",1
"164"," Buck, R.",1
"165"," Buck, W. R.",2
"166"," Buffett, B.",4
"167"," Buffett, B. A.",1
"168"," Buie, M.",1
"169"," Bull, A. L.",1
"170"," Burak Yikilmaz, M.",1
"171"," Buratti, B.",1
"172"," Burgos, G.",1
"173"," Burstedde, C.",1
"174"," Busse, F.",1
"175"," Bydlon, S.",1
"176"," C??rdova, L.",1
"177"," Cadena-Isaza, A.",1
"178"," Cadu, A.",1
"179"," Cagnioncle, A.",1
"180"," Cai, M.",2
"181"," Calais, E.",2
"182"," Calandra, H.",1
"183"," Calcagnile, L.",1
"184"," Calkins, M. A.",1
"185"," Campillo, M.",5
"186"," Capdeville, Y.",1
"187"," Cappa, F.",1
"188"," Cappello, F.",1
"189"," Carcich, B.",1
"190"," Carcione, J. M.",1
"191"," Cardin, P.",1
"192"," Carette, J.",1
"193"," Cartajena, I.",1
"194"," Caruso, A.",1
"195"," Cas, R.",1
"196"," Casarotti, E.",6
"197"," Casella, E.",2
"198"," Castillo-Covarrubias, J. M.",2
"199"," Cau Ontiveros, M. {\'A}",1
"200"," Cavallini, F.",1
"201"," Ceylan, S.",5
"202"," Cha, Y. H.",1
"203"," Chadwick Jr., W. W.",1
"204"," Chaikin, A.",1
"205"," Chaljub, E.",3
"206"," Champollion, N.",1
"207"," Chan, Y-C",1
"208"," Chang, Y-C",1
"209"," Chao, D.",1
"210"," Chassande-Mottin, E.",1
"211"," Chavez, C.",1
"212"," Chen, C-W",1
"213"," Chen, C. -w",1
"214"," Chen, E.",1
"215"," Chen, H-W",1
"216"," Chen, H.",1
"217"," Chen, J.",1
"218"," Chen, M.",2
"219"," Chen, P.",1
"220"," Chen, Q-F",1
"221"," Chen, X.",6
"222"," Chen, Y.",1
"223"," Chen, Y. J.",1
"224"," Cheng, A.",1
"225"," Chevrier, R.",2
"226"," Chevrot, S.",4
"227"," Chiang, E.",1
"228"," Chien, C-J",1
"229"," Choblet, G.",1
"230"," Choi, E.",2
"231"," Choi, Y.",1
"232"," Christensen, N. I.",1
"233"," Christensen, U.",2
"234"," Christensen, U. R.",2
"235"," Chu, R.",1
"236"," Chue Hong, N.",1
"237"," Church, J. A.",1
"238"," Cimbaro, S. R.",2
"239"," Cisternas, M.",1
"240"," Cl{\'e}v{\'e}d{\'e}, E.",1
"241"," Clark, S.",1
"242"," Clayton, Robert W.",1
"243"," Clinton, J.",1
"244"," Clinton, J. F.",2
"245"," Coccia, M.",1
"246"," Colleoni, F.",4
"247"," Collier, J. S.",1
"248"," Collins, G. S.",1
"249"," Collins, J. A.",1
"250"," Colombi, A.",4
"251"," Coltice, N.",4
"252"," Conrad, C.",1
"253"," Conrad, C. P.",14
"254"," Constable, S.",1
"255"," Contreras-Reyes, E.",1
"256"," Cook, Jeanine",1
"257"," Cook, Jonathan",1
"258"," Coppari, F.",1
"259"," Corradino, M.",1
"260"," Cottaar, S.",1
"261"," Couder-Castaneda, C.",1
"262"," Craster, R.",1
"263"," Crawford, W. C.",1
"264"," Cristini, P.",4
"265"," Cruikshank, D.",1
"266"," Cruz-Atienza, V.",1
"267"," Cruz-Atienza, V. M.",2
"268"," Curr{\'a}s, A.",1
"269"," Currenti, G.",2
"270"," Currie, C.",1
"271"," Dahlen, F. A.",3
"272"," Dai, Z.",1
"273"," Dalguer, L.",2
"274"," Dalguer, L. A.",1
"275"," Dalle Ore, C.",1
"276"," Dalton, C. A.",2
"277"," Danecek, P.",1
"278"," Dangendorf, S.",1
"279"," Dannberg, J.",4
"280"," Daradich, A.",1
"281"," Dardanelli, G.",1
"282"," Daub, E.",1
"283"," Daubar, I.",2
"284"," Davidson, Z.",1
"285"," Davies, C. J.",1
"286"," Davies, D. R.",1
"287"," Davies, G. F.",1
"288"," Davies, J. H.",3
"289"," Dawson, P.",1
"290"," Day, S.",1
"291"," de Andrade, E. S.",1
"292"," de Boer, B.",2
"293"," de Hoop, M. V.",1
"294"," De Martin, F.",1
"295"," DeConto, R. M.",2
"296"," Deguen, R.",2
"297"," Dehant, V. ronique",1
"298"," Deiana, G.",2
"299"," Del Negro, C.",4
"300"," Delgado, F.",1
"301"," Denel, B.",1
"302"," Deng, K.",1
"303"," Deng, Z.",3
"304"," Deuss, A.",1
"305"," Diaz, J.",1
"306"," DiCaprio, L.",1
"307"," Dieterich, J. H.",1
"308"," Dietrich, R.",3
"309"," Dijkstra, H.",1
"310"," Dimitrova, L. L.",1
"311"," Doin, M-P",1
"312"," Dokht, R. M. H.",1
"313"," Dong, D.",1
"314"," Dong, X.",1
"315"," Donnellan, A.",6
"316"," Donner, S.",1
"317"," Dorale, J. A.",1
"318"," Dorman, L. R. M.",1
"319"," Dormy, E.",1
"320"," Dosso, S. E.",1
"321"," Doubrovine, P. V.",1
"322"," Douville, E.",1
"323"," Dreger, D. S.",2
"324"," Driel, M. van",1
"325"," Drilleau, M.",3
"326"," Drilleau, M. lanie",2
"327"," Driscoll, P.",1
"328"," Dromart, G.",1
"329"," Duan, B.",3
"330"," Dubey, A.",1
"331"," Dudley Ward, N. F.",1
"332"," Duffy, T. S.",2
"333"," Dufour, F.",2
"334"," Dullo, W-C",1
"335"," Dunham, E.",2
"336"," Dunham, E. M.",1
"337"," Duputel, Z.",1
"338"," Duru, K.",2
"339"," Dutton, A.",1
"340"," E., M.",1
"341"," Ebinger, C.",1
"342"," Edwards, J. D.",1
"343"," Eggert, J. H.",1
"344"," Eilon, Z.",1
"345"," Eisenhauer, A.",1
"346"," Ekstr{\""o}m, G.",1
"347"," Elbanna, A. E.",1
"348"," Elliott, J.",1
"349"," Ellis, S. M.",1
"350"," Ely, G.",1
"351"," Erlebacher, G.",3
"352"," Ermert, L.",1
"353"," Etienne, V.",1
"354"," Euchner, F.",3
"355"," Evans, R. L.",1
"356"," Evseev, A. N.",1
"357"," Evseev, M. N.",2
"358"," Ewert, H.",1
"359"," Ezziani, A.",1
"360"," Faccenna, C.",7
"361"," Faivre, S.",1
"362"," Farnetani, C. G.",1
"363"," Faul, U.",1
"364"," Favier, N.",1
"365"," Favretto-Cristini, N.",2
"366"," Featherstone, N.",2
"367"," Featherstone, N. A.",2
"368"," Feigl, K. L.",1
"369"," Feng, L.",2
"370"," Ferranti, L.",2
"371"," Ferreira, A. M. G.",1
"372"," Festa, G.",1
"373"," Fettweis, X.",3
"374"," Fialko, Y.",4
"375"," Fichtner, A.",1
"376"," Field, E. H.",1
"377"," Fietzke, J.",1
"378"," Fischer, K. M.",1
"379"," Flament, N.",2
"380"," Flemming, N.",1
"381"," Flemming, N. C.",1
"382"," Florindo, F.",1
"383"," Flowers, R. M.",1
"384"," Flyer, N.",1
"385"," Foerster, E.",1
"386"," Folkner, W.",1
"387"," Fontana, A.",2
"388"," Fontolan, G.",1
"389"," Forn{\'o}s, J. J.",2
"390"," Forsberg, R.",4
"391"," Forsyth, D. W.",1
"392"," Forte, A. M.",2
"393"," Fossen, M. V.",1
"394"," Fournier, A.",4
"395"," Fournier, N.",1
"396"," Fox, G. C.",1
"397"," Foxall, W.",1
"398"," Frank, N.",1
"399"," Fratanduono, D. E.",1
"400"," Fraters, M.",2
"401"," Freed, A. M.",2
"402"," Freymueller, J. T.",1
"403"," Friberg, P.",1
"404"," Friederich, W.",2
"405"," Fritsche, M.",1
"406"," Frost, D. J.",1
"407"," Fry, B.",2
"408"," Fuji, N.",3
"409"," Fukahata, Y.",1
"410"," Fukao, Y.",1
"411"," Funiciello, F.",2
"412"," Furlani, S.",3
"413"," Furumura, T.",1
"414"," G. Spada",1
"415"," G{\'o}mez-Pujol, L.",2
"416"," G{\""o}ddeke, D.",2
"417"," Gabriel, A-A",3
"418"," Gade, M.",1
"419"," Gahalaut, V. K.",1
"420"," Gaherty, J. B.",1
"421"," Gaidos, E.",2
"422"," Galassi, G.",4
"423"," Galassi, Gaia",1
"424"," Gallovic, F.",1
"425"," Ganci, G.",1
"426"," Garcia, R.",2
"427"," Garcia, R. F.",3
"428"," Garina, K.",1
"429"," Garnero, E. J.",3
"430"," Gasperini, P.",2
"431"," Gassm{\""o}ller, R.",6
"432"," Gassmoller, R.",1
"433"," Gastine, T.",1
"434"," Gedney, S. D.",3
"435"," Gee, L. S.",1
"436"," Geiger, R. S.",1
"437"," Geller, R. J.",1
"438"," Gesing, S.",1
"439"," Gessele, K.",1
"440"," Geveler, M.",1
"441"," Gharti, H. N.",3
"442"," Ghias, S. R.",1
"443"," Ghilardi, M.",1
"444"," Giardini, D.",12
"445"," Gibbons, S.",1
"446"," Gin{\'e}s, A.",1
"447"," Gin{\'e}s, J.",1
"448"," Girometti, L.",1
"449"," Gizon, L.",1
"450"," Gladstone, R.",1
"451"," Glatzmaier, G. A.",6
"452"," Glerum, A.",1
"453"," Goes, S.",2
"454"," Goff, N. L.",1
"455"," Golombek, M.",4
"456"," Goltz, J.",1
"457"," Gonzales, A.",1
"458"," Goodliffe, A. M.",1
"459"," Gorman, A. R.",1
"460"," Grand, S. P.",1
"461"," Grant, L. B.",1
"462"," Grasselli, G.",1
"463"," Gravelle, M.",1
"464"," Grayek, S.",1
"465"," Gregoire, M.",1
"466"," Grinsted, A.",1
"467"," Gritto, R.",1
"468"," Grocholski, B.",1
"469"," Groh, A.",3
"470"," Grote, E.",1
"471"," Grote, M.",1
"472"," Grott, M.",1
"473"," Grove, T. L.",2
"474"," Grundy, W.",1
"475"," Gu, Y. J.",1
"476"," Gubbins, D.",1
"477"," Gudkova, T.",2
"478"," Gudkova, T. V.",1
"479"," Guenneau, S.",1
"480"," Guermond, J-L",1
"481"," Guglielmino, F.",1
"482"," Guilbert, J.",2
"483"," Gunawan, E.",1
"484"," Gunawan, T.",1
"485"," Guo, Z.",1
"486"," Gurevich, B.",1
"487"," Gurnis, M.",39
"488"," Gutknecht, B. D.",1
"489"," Guyer, R. A.",2
"490"," Guyonnet-Benaize, C.",1
"491"," Gvirtzman, Z.",1
"492"," H., T. L. L.",1
"493"," H{\""u}ttig, C.",1
"494"," Hable, S.",1
"495"," Hacker, B. R.",1
"496"," Hadziioannou, C. line",1
"497"," Haenecour, P.",1
"498"," Hagen, H.",1
"499"," Hager, B. H.",16
"500"," Hagerty, M. T.",1
"501"," Hale, A. J.",1
"502"," Hamann, B.",1
"503"," Hamilton, D.",1
"504"," Hamling, I. J.",1
"505"," Han, L.",2
"506"," Hanasoge, S.",2
"507"," Hanks, T. C.",1
"508"," Hanyk, L.",1
"509"," Harbert, W.",1
"510"," Harmon, N.",1
"511"," Harms, J.",1
"512"," Harris, D. L.",1
"513"," Hartmann, R.",1
"514"," Hashimoto, C.",2
"515"," Hassan, O.",2
"516"," Hayashi, Y-Y",1
"517"," He, J.",1
"518"," He, Y.",1
"519"," Hearty, P. J.",1
"520"," Heaton, T. H.",1
"521"," Heidbach, O.",1
"522"," Heien, E.",1
"523"," Heien, E. M.",13
"524"," Heister, T.",7
"525"," Heki, K.",1
"526"," Helmberger, D.",1
"527"," Helmberger, D. V.",3
"528"," Helmstaedt, H.",1
"529"," Hempel, S.",2
"530"," Henrys, S.",1
"531"," Hering-Bertram, M.",1
"532"," Hernandez, M.",1
"533"," Herring, T.",1
"534"," Hetland, E. A.",1
"535"," Hettrick, S.",1
"536"," Higdon, D. M.",1
"537"," Hill, J.",1
"538"," Hilley, G.",2
"539"," Hinderer, J.",1
"540"," Hindman, B. W.",3
"541"," Hinnov, L. A.",1
"542"," Hirahara, K.",2
"543"," Hirn, A.",1
"544"," Hirth, G.",1
"545"," Hj{\""o}rleifsd{\'o}ttir, V.",1
"546"," Hofgartner, J.",1
"547"," Hofmann, A. W.",1
"548"," Hoink, T.",1
"549"," Holden, C.",1
"550"," Holland, J.",1
"551"," Hollender, F.",1
"552"," Hollerbach, R.",1
"553"," Holtkamp, S. G.",1
"554"," Honkura, Y.",1
"555"," Hori, M.",2
"556"," Hori, T.",2
"557"," Hosseini, K.",2
"558"," Houli{\'e}, N.",1
"559"," Howard, A. D.",1
"560"," Howett, C.",1
"561"," Hsu, Y-J",1
"562"," Hu, H.",1
"563"," Huang, B-S",4
"564"," Huang, H.",1
"565"," Huang, J.",3
"566"," Huang, M-H",1
"567"," Huang, X. -xing",1
"568"," Huang, Y.",1
"569"," Huet, B.",1
"570"," Hulbert, G.",1
"571"," Humphreys, E. D.",2
"572"," Hunen, J. van",1
"573"," Hung, S-H",1
"574"," Hunicke, B.",1
"575"," Hurkmans, R. T. W. L.",2
"576"," Husson, L.",2
"577"," Hutchings, L.",1
"578"," Hutko, A.",1
"579"," Hutko, A. R.",1
"580"," Huttunen, T.",2
"581"," Huybers, P.",1
"582"," Hvidberg, C. S.",1
"583"," Hwang, L.",1
"584"," Hwang, L. J.",2
"585"," Ichimura, T.",1
"586"," Idaszak, R.",1
"587"," Igel, H.",2
"588"," Ismail, N.",1
"589"," Ito, T.",2
"590"," Ito, Y.",1
"591"," Iwase, S.",1
"592"," J",1
"593"," Jackson, A.",1
"594"," Jackson, J. M.",2
"595"," Jacobsen, S. B.",1
"596"," Jacobsen, S. D.",1
"597"," Jadamec, M.",1
"598"," Jadamec, M. A.",1
"599"," Jankowski, D. G.",1
"600"," Jara-Mu{\~n}oz, J.",1
"601"," Jarvis, G. T.",1
"602"," Jenkins, J.",1
"603"," Jeong, C.",1
"604"," Jha, B.",2
"605"," Ji, C.",5
"606"," Jiang, W.",1
"607"," Jiang, Y.",3
"608"," Johnsen, R.",1
"609"," Johnson, C.",1
"610"," Johnson, P. A.",2
"611"," Jolivet, L.",1
"612"," Jones, C.",1
"613"," Jones, C. A.",1
"614"," Jordan, T. H.",3
"615"," Juanes, R.",3
"616"," Judith, H.",1
"617"," Juedeman, Tanner",1
"618"," Julien, K.",1
"619"," K{\""a}stle, E.",1
"620"," K{\""a}ufl, P. J.",1
"621"," Kaipio, J. P.",2
"622"," Kaiser, A.",1
"623"," Kalomeni, B.",1
"624"," Kameyama, M. C.",1
"625"," Kammer, J.",1
"626"," Kanamori, H.",4
"627"," Kaneko, Y.",4
"628"," Kanschat, G.",1
"629"," Karakostas, F.",2
"630"," Karatekin, O.",1
"631"," Karato, S. -ichiro",2
"632"," Karlstrom, L.",1
"633"," Kase, Y.",3
"634"," Katz, R. F.",1
"635"," Kaula, W. M.",8
"636"," Kaus, B. J. P.",1
"637"," Kawai, K.",1
"638"," Kawakatsu, H.",1
"639"," Kawamura, T.",2
"640"," Kedar, S.",2
"641"," Keir, D.",1
"642"," Keken, P. E. van",1
"643"," Kellogg, J.",1
"644"," Kellogg, L. H.",12
"645"," Kenda, B.",2
"646"," Kendrick, E.",1
"647"," Kennett, B. L. N.",1
"648"," Keranen, K. M.",1
"649"," Khan, A.",6
"650"," Khan, S. A.",3
"651"," Kharybin, E. V.",1
"652"," Kilgore, B. D.",1
"653"," Kim, S-S",1
"654"," Kimata, F.",1
"655"," Kincaid, C.",1
"656"," Kind, R.",1
"657"," King, E.",1
"658"," King, E. M.",1
"659"," King, M. A.",1
"660"," King, S. D.",14
"661"," Kissling, E.",1
"662"," Kite, E. S.",1
"663"," Kj{\ae}r, K. H.",1
"664"," Klein, W.",1
"665"," Klemann, V.",1
"666"," Klicpera, A.",1
"667"," Knapmeyer-Endrun, B.",1
"668"," Knapmeyer, M.",1
"669"," Knepley, M. G.",1
"670"," Knobloch, E.",1
"671"," Kocur, G. K.",1
"672"," Kohler, M. D.",1
"673"," Komatitsch, D.",55
"674"," Komattisch, D.",1
"675"," Konishi, K.",1
"676"," Kono, M.",1
"677"," Koponen, J.",1
"678"," Korsgaard, N. J.",1
"679"," Kotson, M.",1
"680"," Koymans, M.",1
"681"," Kozdon, J.",1
"682"," Kraaijpoel, D.",1
"683"," Kramer, S. C.",1
"684"," Kraus, R. G.",1
"685"," Kreemer, C.",1
"686"," Kreylos, O.",1
"687"," Krischer, L.",2
"688"," Kronbichler, M.",2
"689"," Kronbichler, Martin",1
"690"," Kruckenberg, S. C.",2
"691"," Kuang, W.",1
"692"," Kumamoto, K. M.",1
"693"," Kundu, B.",1
"694"," Kuo, L-C",1
"695"," Kuperman, W. A.",2
"696"," Kusche, J.",1
"697"," Kustowski, B.",1
"698"," Kuwahara, Y.",1
"699"," Kwan, J.",2
"700"," Kyle, B.",1
"701"," Labarta, J.",1
"702"," Labrousse, L.",1
"703"," Lackie, M. A.",1
"704"," Lagabrielle, Y.",1
"705"," Lago, P.",1
"706"," Laigle, M.",1
"707"," Lallemand, S.",1
"708"," Lamara, S.",1
"709"," Lambeck, K.",1
"710"," Lambotte, S.",1
"711"," Landeau, M.",1
"712"," Langer, L.",1
"713"," Langlais, B.",1
"714"," Langston, C. A.",1
"715"," Lapusta, N.",6
"716"," Larmat, C.",2
"717"," Larnicol, G.",1
"718"," Larose, E.",1
"719"," Laske, G.",1
"720"," Lauer, T.",1
"721"," Laurent, P.",1
"722"," Laurenzano, M.",1
"723"," Lavier, L.",1
"724"," Lay, T.",1
"725"," Le Goff, N.",2
"726"," Le Loher, P.",1
"727"," Lebedev, S.",6
"728"," Lee, C.",4
"729"," Lee, K. K. M.",1
"730"," Lee, R. C.",1
"731"," Lee, S.",1
"732"," Lee, S. J.",1
"733"," Leeman, J.",1
"734"," Leeman, W. P.",1
"735"," Lefebvre, M.",2
"736"," Lei, W.",1
"737"," Lekic, V.",2
"738"," Lemmon, M.",1
"739"," Lemoult, F.",1
"740"," Lenardic, A.",9
"741"," Leng, W.",3
"742"," Lenzano, L. E.",1
"743"," Leprince, S.",1
"744"," Lericolais, G.",1
"745"," Lerosey, G.",1
"746"," Levine, A.",1
"747"," Lewi, E.",1
"748"," Lhuillier, C.",2
"749"," Li, J.",3
"750"," Li, M.",2
"751"," Li, P.",2
"752"," Li, P. P.",1
"753"," Li, Q.",1
"754"," Li, S.",3
"755"," Li, Z-X",3
"756"," Liang, C.",1
"757"," Liang, W-T",1
"758"," Liebetrau, V.",1
"759"," Ligtenberg, S. R. M.",1
"760"," Lillis, R. J.",1
"761"," Lim, C.",1
"762"," Lin, C-H",1
"763"," Lin, F-C",2
"764"," Lin, J-S",1
"765"," Lin, J.",1
"766"," Lin, P-Y P.",1
"767"," Lin, S-C",1
"768"," Lindner, F.",1
"769"," Ling, A.",1
"770"," Linscott, I.",1
"771"," Lisse, C.",1
"772"," Lithgow-Bertelloni, C.",4
"773"," Liu, D.",1
"774"," Liu, L.",6
"775"," Liu, Q-H",1
"776"," Liu, Q.",24
"777"," Liu, Q. H.",1
"778"," Liu, W. -fang",1
"779"," Liu, Y.",3
"780"," Lizarralde, D.",1
"781"," Lo Presti, V.",3
"782"," Lockner, D. A.",1
"783"," Lognonn??, P.",2
"784"," Lognonn{\'e}, P.",6
"785"," Lognonne, P.",1
"786"," Lokavarapu, H.",3
"787"," Lombard, B.",1
"788"," Lopez, P.",1
"789"," Lorscheid, T.",2
"790"," Lou, X.",1
"791"," Lowe, J. A.",2
"792"," Lowman, J. P.",2
"793"," Lucas-Picher, P.",1
"794"," Lucas, A.",1
"795"," Luck, B.",1
"796"," Lukman, M.",1
"797"," Lund, B.",1
"798"," Lundgren, P. R.",1
"799"," Luo, B.",1
"800"," Luo, Y.",6
"801"," Lyoussi, A.",1
"802"," M. Cai",1
"803"," M., H. E.",1
"804"," M., V. N.",1
"805"," M{\'e}min, A.",1
"806"," M{\""u}ller, D.",1
"807"," M{\""u}ller, R. D.",7
"808"," M{\aa}{\""u}hlhaus, H. B.",1
"809"," Ma, S.",3
"810"," Ma, Z.",2
"811"," Madec, R.",1
"812"," Madsen, F. B.",1
"813"," Maeda, T.",1
"814"," Maggi, A.",2
"815"," Magni, V.",2
"816"," Magnoni, F.",2
"817"," Mai, P. M.",1
"818"," Maierov{\'a}, P.",1
"819"," Maki, J.",1
"820"," Makino, J.",1
"821"," Malamud, B. D.",1
"822"," Malinski, J.",2
"823"," Maloof, A. C.",1
"824"," Mancinelli, N.",1
"825"," Manea, M.",2
"826"," Manga, M.",3
"827"," Mann, T.",1
"828"," Mannino, M. A.",1
"829"," Mantica, S.",1
"830"," Marchi, S.",1
"831"," Marcos, M.",3
"832"," Marcotte, A.",1
"833"," Margerin, L.",2
"834"," Marino, C.",1
"835"," Marriner, N.",2
"836"," Marti, P. H.",1
"837"," Martin, F. de",1
"838"," Martin, L. B.",1
"839"," Martin, R.",7
"840"," Martinec, Z.",1
"841"," Maruyama, N.",1
"842"," Marzeion, B.",1
"843"," Marzouk, Y.",1
"844"," Massacret, N.",1
"845"," Masson, Y.",1
"846"," Masters, G.",1
"847"," Masters, T. G.",1
"848"," Mastronuzzi, G.",2
"849"," Matsui, H.",2
"850"," Matsuoka, S.",1
"851"," Matthews, A. P.",1
"852"," Mattielli, N.",1
"853"," Matyska, C.",2
"854"," Matzen, R.",2
"855"," Maunder, B.",1
"856"," May, D. A.",1
"857"," May, S.",1
"858"," McCallen, D.",1
"859"," McCallen, D. B.",1
"860"," McCammon, C.",1
"861"," McGill, G. E.",1
"862"," McLaughlin, D.",1
"863"," McLeod, D.",1
"864"," McNamara, A.",1
"865"," McNamara, A. K.",4
"866"," McNarmara, A. K.",1
"867"," McQuarrie, N.",1
"868"," McRitchie, D.",1
"869"," Megies, T.",1
"870"," Meilano, I.",1
"871"," Melet, A.",1
"872"," Melgar, D.",1
"873"," Melini, D.",2
"874"," Melis, R. T.",1
"875"," Mellah, I. E.",1
"876"," Melnick, D.",3
"877"," Meng, L.",1
"878"," Meng, Y.",1
"879"," Menon, P. K.",2
"880"," Meschede, M.",1
"881"," Messmer, P.",1
"882"," Metzger, S.",2
"883"," Miah, M.",1
"884"," Mich{\'e}a, D.",3
"885"," Michea, D.",2
"886"," Michelini, A.",1
"887"," Miesch, M.",1
"888"," Miesch, M. S.",1
"889"," Miljkovic, K.",1
"890"," Milkereit, B.",1
"891"," Miller, J.",1
"892"," Miller, M. S.",1
"893"," Mimoun, D.",3
"894"," Min, D-J",1
"895"," Mitrovica, J. X.",4
"896"," Mittelholz, A.",1
"897"," Miyakoshi, J. ichi",1
"898"," Mochizuki, K.",1
"899"," Mocquet, A.",3
"900"," Moebs, G.",1
"901"," Moller, M.",1
"902"," Molnar, P.",1
"903"," Monaco, C.",1
"904"," Montagna, P.",1
"905"," Montagner, J-P",4
"906"," Moore, J. C.",1
"907"," Moore, J. M.",1
"908"," Moore, W. B.",1
"909"," Morales, C.",1
"910"," Morelli, A.",4
"911"," Morency, C.",2
"912"," Moreno, M.",8
"913"," Moresi, L.",5
"914"," Morgan, D.",1
"915"," Morgan, K.",2
"916"," Morhange, C.",2
"917"," Motagh, M.",1
"918"," Moucha, R.",2
"919"," Moulik, P.",1
"920"," Mourhatch, R.",1
"921"," Moysan, J.",2
"922"," Mucedda, M.",1
"923"," Muksin, U.",2
"924"," Mullen, L.",1
"925"," Muller, R. D.",6
"926"," Murdoch, N.",1
"927"," Muto, M.",1
"928"," Myhill, R.",2
"929"," Myhrvold, C. L.",1
"930"," N{\'u}{\~n}ez-Corrales, S.",1
"931"," Nader, M. F.",1
"932"," Nakagawa, T.",1
"933"," Nakai, J.",1
"934"," Napoli, R.",1
"935"," Nathalie, F. C.",1
"936"," Neill, S.",1
"937"," Nelson, A.",1
"938"," Nelson, L.",1
"939"," Neri, G.",1
"940"," Neri, M.",1
"941"," Nestorovic, T.",1
"942"," Neumeister, D.",1
"943"," Newman, M. G.",1
"944"," Nguyen, J.",2
"945"," Ni, S.",1
"946"," Nicol, A.",1
"947"," Nielsen, K.",2
"948"," Niemeyer, K. E.",1
"949"," Nimmo, F.",3
"950"," Ning, J.",1
"951"," Nishikawa, Y.",1
"952"," Nissen-Meyer, T.",18
"953"," Nithiarasu, P.",2
"954"," Niu, F.",4
"955"," Noack, L.",1
"956"," Nolet, G.",3
"957"," Nooner, S. L.",1
"958"," Novella, D.",1
"959"," Nowack, R. L.",2
"960"," Nunn, C.",1
"961"," Nurcahya, B. E.",1
"962"," Nurdin, I.",1
"963"," O{\textquoteright}Connell, R. J.",2
"964"," O{\textquoteright}Leary, M. J.",1
"965"," O{\textquoteright}Neill, C.",4
"966"," Oconnell, R.",1
"967"," Oddo, P.",1
"968"," Ogawa, S.",1
"969"," Oglesby, D.",1
"970"," Oglesby, D. D.",1
"971"," Ohta, Y.",1
"972"," Olivier, N.",1
"973"," Olivieri, M.",1
"974"," Olivieri, Marco",1
"975"," Olkin, C.",1
"976"," Olkin, C. B.",1
"977"," Olsen, K.",2
"978"," Olson, P.",5
"979"," Omang, O. C.",1
"980"," Onac, B. P.",1
"981"," Oncken, O.",7
"982"," Oppenheimer, M.",1
"983"," Orlic, M.",1
"984"," Orru, P.",2
"985"," Ortega-Culaciati, F.",1
"986"," Ortega, C.",1
"987"," others",5
"988"," Oye, V.",2
"989"," Palmer, M. D.",1
"990"," Panning, M.",5
"991"," Pantera, L.",1
"992"," Pappalardo, M.",2
"993"," Pardaens, A. K.",2
"994"," Park, S.",1
"995"," Parker, A.",1
"996"," Parker, J.",2
"997"," Parker, J. W.",1
"998"," Parmentier, E. M.",1
"999"," Parra, Hector",1
"1000"," Pasaric, M.",1
"1001"," Paul, C.",1
"1002"," Paulssen, H.",1
"1003"," Pearson, D. G.",1
"1004"," Pedersen, H.",1
"1005"," Pedersen, H. A.",1
"1006"," Pelties, C.",1
"1007"," Pepe, F.",1
"1008"," Perez-Gussinye, M.",1
"1009"," Perrin, C.",1
"1010"," Perrin, C. ment",1
"1011"," Perrin, L.",1
"1012"," Perroud, Herv{\'e",1
"1013"," Petaev, M. I.",1
"1014"," Peter, D.",9
"1015"," Petersson, N. A.",6
"1016"," Pham, T-S",2
"1017"," Phillips, B. R.",1
"1018"," Pi{\~n}{\'o}n, D. A.",2
"1019"," Pierre, C.",1
"1020"," Piersanti, A.",3
"1021"," Pike, T.",1
"1022"," Pinardi, N.",1
"1023"," Pirazzoli, P.",1
"1024"," Pirazzoli, P. A.",1
"1025"," Piromallo, C.",1
"1026"," Pitarka, A.",2
"1027"," Plan{\""A}s, T.",1
"1028"," Plesa, A-C",2
"1029"," Ploix, M. A.",1
"1030"," Podhorszki, N.",2
"1031"," Polet, J.",1
"1032"," Poli, P.",3
"1033"," Pollard, D.",2
"1034"," Pollard, D. D.",1
"1035"," Pollitz, F. F.",1
"1036"," Pommier, A.",1
"1037"," Porritt, R. W.",1
"1038"," Porter, S.",1
"1039"," Pou, L.",1
"1040"," Prakapenka, V. B.",1
"1041"," Pretorius, F.",1
"1042"," Pritchard, M.",1
"1043"," Pritchard, M. E.",2
"1044"," Puckett, E. G.",3
"1045"," Pugmire, D.",1
"1046"," Puzovic, N.",1
"1047"," Pysklywec, R.",1
"1048"," Pysklywec, R. N.",2
"1049"," Qi, J.",1
"1050"," Quarta, G.",1
"1051"," R{\""u}ggeberg, A.",1
"1052"," R{\""u}lke, A.",1
"1053"," Radic Rossi, I.",1
"1054"," Raefsky, A.",1
"1055"," Rafael, A.",1
"1056"," Raghukanth, S. T. G.",4
"1057"," Rahimian, M.",2
"1058"," Rajovic, N.",1
"1059"," Ramirez, A.",1
"1060"," Rawlinson, Z.",1
"1061"," Raymo, M. E.",2
"1062"," Redding, D. C.",1
"1063"," Reitsema, H.",1
"1064"," Remo, J. L.",1
"1065"," Ren, Q.",1
"1066"," Renda, P.",1
"1067"," Rendon, H.",1
"1068"," Retherford, K.",1
"1069"," Reuter, D.",1
"1070"," Rey, P.",4
"1071"," Rey, P. F.",3
"1072"," Ribbrock, D.",1
"1073"," Ribeiro, A.",1
"1074"," Ricard, Y.",2
"1075"," Richards-Dinger, K.",1
"1076"," Richards, David",1
"1077"," Richards, M.",1
"1078"," Richards, M. A.",1
"1079"," Richardson, J.",1
"1080"," Richter, A.",1
"1081"," Richter, K.",1
"1082"," Ridley, J.",2
"1083"," Rietbroek, R.",1
"1084"," Rijal, A.",1
"1085"," Rinaldi, A. P.",1
"1086"," Rishav, M.",1
"1087"," Ritsema, J.",4
"1088"," Ritzwoller, M. H.",4
"1089"," Riva, R. E. M.",1
"1090"," Rivera, L. A.",1
"1091"," Rivi{\`e}re, J.",1
"1092"," Rivoldini, A.",1
"1093"," Robbins, S.",1
"1094"," Roberts, A. P.",1
"1095"," Roberts, C. D.",1
"1096"," Roberts, J. H.",3
"1097"," Robertsson, J. O. A.",1
"1098"," Robey, J. M.",1
"1099"," Robresco, S.",1
"1100"," Rodgers, A.",2
"1101"," Rodriguez, S.",1
"1102"," Roeske, S. M.",1
"1103"," Rogister, Y.",2
"1104"," Roland, B.",1
"1105"," Rolland, L.",1
"1106"," Rollins, C.",1
"1107"," Roman, J.",1
"1108"," Romanowicz, B.",2
"1109"," Rosat, S.",1
"1110"," Rose, I.",1
"1111"," Rosenau, M.",4
"1112"," Rosenau, R.",1
"1113"," Rosentau, A.",1
"1114"," Rost, S.",1
"1115"," Roten, D.",1
"1116"," Rothacher, M.",1
"1117"," Roumelioti, Z.",1
"1118"," Rousseau-Nepton, L.",1
"1119"," Roux, P.",4
"1120"," Rovere, A.",5
"1121"," Rowe, C. A.",1
"1122"," Rowley, D. B.",1
"1123"," Rozel, A.",1
"1124"," Ruan, Y.",1
"1125"," Rudianto, I.",1
"1126"," Ruggieri, G.",4
"1127"," Ruggieri, R.",1
"1128"," Rundle, J. B.",15
"1129"," Rundle, P. B.",2
"1130"," Runyon, K.",1
"1131"," Rupin, M.",1
"1132"," Rutledge, J. T.",1
"1133"," Rutqvist, J.",2
"1134"," Rygg, J. R.",1
"1135"," S??ss, P.",1
"1136"," S{\'a}nchez-Sesma, F. J.",3
"1137"," S{\'e}n{\'e}chal, Pascale",1
"1138"," S{\o}rensen, L. S.",1
"1139"," Sabra, K.",1
"1140"," Sachpazi, M.",1
"1141"," Sachs, M.",1
"1142"," Sachs, M. K.",5
"1143"," Saenger, E. H.",1
"1144"," Sager, K.",1
"1145"," Saina, M.",1
"1146"," Saitoh, T. R.",1
"1147"," Sakellariou, D.",1
"1148"," Salac, J.",1
"1149"," Salvermoser, J.",1
"1150"," Sambridge, M.",1
"1151"," Samsonov, S.",1
"1152"," Samuel, H.",2
"1153"," Sanchez-Sesma, F. J.",1
"1154"," Sans{\`o}, P.",1
"1155"," Sansom, E.",1
"1156"," Sasajima, R.",1
"1157"," Sasaki, Y.",1
"1158"," Sasselov, D. D.",1
"1159"," Savage, B.",1
"1160"," Savage, M.",1
"1161"," Scales, J. A.",1
"1162"," Scandura, D.",1
"1163"," Sch{\""o}ne, T.",1
"1164"," Schaeffer, A.",1
"1165"," Schaeffer, A. J.",1
"1166"," Schaeffer, N.",1
"1167"," Scheinert, M.",1
"1168"," Schenk, O.",3
"1169"," Schenk, P. M.",1
"1170"," Schindhelm, E.",1
"1171"," Schmandt, B.",1
"1172"," Schmeling, H.",1
"1173"," Schmerr, N.",2
"1174"," Schmerr, N. C.",2
"1175"," Schuberth, B. S. A.",1
"1176"," Schultepelkum, V.",1
"1177"," Schultz, K. W.",3
"1178"," Schuster, G.",1
"1179"," Schutt, D. L.",1
"1180"," Schwartz, S. Y.",1
"1181"," Scicchitano, G.",1
"1182"," Sciortino, R.",1
"1183"," Seeber, L.",1
"1184"," Segall, P.",2
"1185"," Sepic, J.",1
"1186"," Seton, M.",3
"1187"," Shafique, M.",1
"1188"," Shan, B.",1
"1189"," Shani-Kadmiel, S.",1
"1190"," Shapiro, N. M.",2
"1191"," Shaw, J. H.",4
"1192"," Shcherbakov, R.",1
"1193"," Shearer, P. M.",1
"1194"," Sheehan, A. F.",1
"1195"," Shen, W.",1
"1196"," Shen, Y.",1
"1197"," Sheyko, A.",1
"1198"," Shi, Y.",3
"1199"," Shi, Z.",1
"1200"," Shin, C.",1
"1201"," Shin, J. S.",1
"1202"," Shirman, B.",1
"1203"," Showalter, M.",1
"1204"," Showman, A. P.",5
"1205"," Sigloch, K.",2
"1206"," Sigmundsson, F.",1
"1207"," Silva, L.",1
"1208"," Silver, P. G.",1
"1209"," Simitev, R. D.",1
"1210"," Simms, A. R.",1
"1211"," Simonetti, R.",1
"1212"," Simons, F. J.",3
"1213"," Simons, M.",3
"1214"," Simonsen, S. B.",2
"1215"," Simut, S.",1
"1216"," Singer, K.",1
"1217"," Sippl, C.",2
"1218"," Sivan, D.",1
"1219"," Sj{\""o}green, B.",3
"1220"," Sj{\""o}green, Bj{\""o}n",1
"1221"," Sjogreen, B.",2
"1222"," Sladen, A.",1
"1223"," Slangen, A. B. A.",1
"1224"," Smalley, R.",2
"1225"," Smerzini, C.",1
"1226"," Smith, E. I.",4
"1227"," Smith, J.",1
"1228"," Smith, K. E.",1
"1229"," Smith, R. F.",1
"1230"," Smrekar, S.",1
"1231"," Snavely, A.",1
"1232"," Solomatov, V. S.",3
"1233"," Solomon, S. C.",1
"1234"," Somala, S. N.",4
"1235"," Song, J. -yong",1
"1236"," Song, S.",1
"1237"," Sorensen, L. S.",1
"1238"," Soza, S. T.",1
"1239"," Spada, G.",33
"1240"," Spakman, W.",2
"1241"," Spasojevic, S.",1
"1242"," Spencer, J. R.",1
"1243"," Spiegelman, M.",1
"1244"," Spiers, C. J.",1
"1245"," Spiga, A.",1
"1246"," Spinler, J. C.",1
"1247"," Spohn, T.",1
"1248"," St?¤hler, S. C.",2
"1249"," St{\""a}hler, S.",3
"1250"," St{\""a}hler, S. C.",3
"1251"," Stanev, E.",1
"1252"," Stanley, S.",1
"1253"," Stansberry, J.",1
"1254"," Stearns, L. A.",1
"1255"," Steckler, M. S.",1
"1256"," Steffl, A.",1
"1257"," Stegman, D. R.",3
"1258"," Stein, C.",1
"1259"," Steinberger, B.",5
"1260"," Stephenson, R.",1
"1261"," Stern, E.",1
"1262"," Stern, S. A.",1
"1263"," Stevanovic",1
"1264"," Stevenson, D. J.",1
"1265"," Stidham, C.",1
"1266"," Stocchi, P.",14
"1267"," Stokoe, K.",1
"1268"," Strobel, D.",1
"1269"," Stryk, T.",1
"1270"," Strykowski, G.",2
"1271"," Stupazzini, M.",1
"1272"," Sturhahn, W.",1
"1273"," Suanez, S.",1
"1274"," Suckale, J.",1
"1275"," Sugiyanto, D.",1
"1276"," Summers, M.",1
"1277"," Sun, D.",1
"1278"," Sun, H. P.",1
"1279"," Sun, Q.",1
"1280"," Sutherland, R.",2
"1281"," Sylvie, V. P.",1
"1282"," Tabei, T.",2
"1283"," Tackley, P.",1
"1284"," Tackley, P. J.",1
"1285"," Tadeu, A.",1
"1286"," Tadokoro, K.",1
"1287"," Tago, J.",1
"1288"," Taira, T.",1
"1289"," Takahashi, F.",1
"1290"," Takatsuka, M.",1
"1291"," Take, A.",1
"1292"," Take, W. A.",1
"1293"," Takehiro, S. -ichi",1
"1294"," Takeuchi, N.",1
"1295"," Talamo, S.",1
"1296"," Tan, E.",4
"1297"," Tang, Y.",1
"1298"," Tantsereva, A.",1
"1299"," Tape, C.",5
"1300"," Tarasov, L.",1
"1301"," Tassara, A.",1
"1302"," Taufiqurrahman, T.",1
"1303"," Taylor, M. A.",1
"1304"," Teanby, N. A.",2
"1305"," Tel, E.",1
"1306"," Templeton, E.",1
"1307"," Teyssier, C.",7
"1308"," Theodoulidis, N. P.",1
"1309"," Thieulot, C.",2
"1310"," Thil, F.",1
"1311"," Thomas, C.",3
"1312"," Thoutireddy, P.",1
"1313"," Throop, H.",1
"1314"," Tiampo, K. F.",2
"1315"," Tibbetts, A.",1
"1316"," Tikir, M. M.",1
"1317"," Tilmann, F.",1
"1318"," Timm, L. H.",1
"1319"," Tinti, E.",1
"1320"," Tkalcic, H.",1
"1321"," Tobie, G.",1
"1322"," Tomasin, A.",1
"1323"," Tong, P.",1
"1324"," Torsvik, T. H.",4
"1325"," Tosi, N.",1
"1326"," Tr{\o}nnes, R. G.",1
"1327"," Trabant, C.",3
"1328"," Trainito, E.",1
"1329"," Trampert, J.",9
"1330"," Tran, K.",1
"1331"," Treiman, A. H.",1
"1332"," Tromp, J.",75
"1333"," Tsai, V. C.",2
"1334"," Tsang, C.",1
"1335"," Tseng, T-L",1
"1336"," Tsesarsky, M.",1
"1337"," Tsimplis, M.",1
"1338"," Tsuboi, S.",3
"1339"," Turcotte, D. L.",15
"1340"," Tyler, L.",1
"1341"," Uchide, T.",1
"1342"," Ulrich, T.",1
"1343"," Umurhan, O. M.",1
"1344"," Unterborn, C.",1
"1345"," Uphoff, C.",1
"1346"," Uratani, H.",1
"1347"," Ursin, B.",1
"1348"," Uscinowicz, S.",1
"1349"," V. Helmberger, D.",1
"1350"," Vacchi, M.",4
"1351"," Vacher, P.",1
"1352"," Vai, R.",1
"1353"," Vajedian, S.",1
"1354"," Valentine, A. P.",1
"1355"," Valette, B.",1
"1356"," Vall{\'e}e, M.",1
"1357"," van Dam, T.",1
"1358"," van de Wal, R. S. W.",3
"1359"," van der Hilst, R.",1
"1360"," van der Hilst, R. D.",1
"1361"," van der Meijde, M.",1
"1362"," van der Werff, H.",1
"1363"," van Driel, M.",11
"1364"," van Heijst, H-J",1
"1365"," van Heijst, H. J.",1
"1366"," Van Hoolst, T.",1
"1367"," van Hunen, J.",6
"1368"," van Keken, P. E.",1
"1369"," Van Orman, J. A.",1
"1370"," van Soest, M. C.",1
"1371"," Van Vliet Lano{\""e}, B.",1
"1372"," van Wijk, J.",1
"1373"," van Wijk, K.",1
"1374"," Vargas, D.",1
"1375"," Vassilopoulos, A.",1
"1376"," Vaubaillon, J.",1
"1377"," Vaughan, Courtenay",1
"1378"," Vaughan, D.",2
"1379"," Verbeke, J.",1
"1380"," Verbiscer, A.",1
"1381"," Verhoeven, O.",2
"1382"," Vermeersen, B. L. A.",1
"1383"," Vermeersen, L. L. A.",1
"1384"," Viguier-Pla, S.",1
"1385"," Vilotte, J-P",3
"1386"," Vilotte, J. P.",1
"1387"," Vinnik, L. P.",1
"1388"," Virieux, J.",1
"1389"," Vissa, N. K.",1
"1390"," von der Heydt, A.",1
"1391"," W??lfl, F.",1
"1392"," Wahr, J.",2
"1393"," Wallace, L. M.",4
"1394"," Walter, T. R.",2
"1395"," Wang, K.",2
"1396"," Wang, R.",2
"1397"," Wang, S. -xu",1
"1398"," Wang, Y.",3
"1399"," Wang, Z.",1
"1400"," Ward, N. F. D.",1
"1401"," Ward, S. N.",1
"1402"," Warren, J. M.",1
"1403"," Wassermann, J.",2
"1404"," Watanabe, T.",1
"1405"," Weaver, H.",1
"1406"," Weaver, H. A.",1
"1407"," Webb, S. C.",2
"1408"," Weber, M.",1
"1409"," Weber, R.",2
"1410"," Weekly, R. T.",1
"1411"," Wei, S.",1
"1412"," Weiss, J. R.",1
"1413"," Weng, H.",2
"1414"," Wesson, R.",1
"1415"," West, M. E.",1
"1416"," Westphal, H.",1
"1417"," White, O. L.",1
"1418"," White, R. S.",1
"1419"," Whitehouse, P. L.",1
"1420"," Whiting, B. F.",2
"1421"," Whitney, D. L.",5
"1422"," Whittaker, J.",1
"1423"," Wicht, J.",1
"1424"," Wicks, J. K.",1
"1425"," Wieczorek, M.",1
"1426"," Willett, S. D.",1
"1427"," Williams, C.",4
"1428"," Williams, C. A.",5
"1429"," Williams, E. G.",1
"1430"," Williams, M.",1
"1431"," Williams, S. D. P.",1
"1432"," Willis, A. P.",1
"1433"," Wilson, A.",1
"1434"," Wilson, C. R.",1
"1435"," Wilson, D.",1
"1436"," Wilson, J. M.",1
"1437"," Wingate, B. A.",1
"1438"," Winters, H.",1
"1439"," Withers, K.",1
"1440"," Wojcik, R.",1
"1441"," Wolf, D.",1
"1442"," Wollherr, S.",2
"1443"," Wong, T.",1
"1444"," Wooddell, K.",1
"1445"," Woodhouse, J. H.",1
"1446"," Wookey, J.",1
"1447"," Woppelmann, G.",1
"1448"," Wright, G. B.",1
"1449"," Wright, T. J.",1
"1450"," Wu, B.",1
"1451"," Wu, W.",1
"1452"," Xie, J-H",1
"1453"," Xie, J.",1
"1454"," Xie, Z.",1
"1455"," Xing, H. L.",1
"1456"," Xing, Z.",1
"1457"," Xiong, B.",1
"1458"," Xiong, X.",3
"1459"," Xu, S.",1
"1460"," Yadav, R. K.",1
"1461"," Yakovlev, G.",2
"1462"," Yamashina, T.",1
"1463"," Yana, C.",1
"1464"," Yang, A.",1
"1465"," Yang, D.",1
"1466"," Yang, H.",5
"1467"," Yang, W.",1
"1468"," Yang, Y.",6
"1469"," Yao, H.",2
"1470"," Yarce, J.",1
"1471"," Yatabe, R.",2
"1472"," Ye, Y.",1
"1473"," Yikilmaz, M. B.",1
"1474"," Yin, Q-Z",1
"1475"," Yixiang, L.",1
"1476"," Yoder, M. R.",3
"1477"," Young, L. A.",1
"1478"," Yu, S-B",1
"1479"," Yuan, K.",1
"1480"," Yuan, X.",1
"1481"," Yuen, D. A.",2
"1482"," Zafarani, H.",2
"1483"," Zahirovic, S.",1
"1484"," Zangari, A.",1
"1485"," Zaroli, C.",2
"1486"," Zellman, M.",1
"1487"," Zeng, Z.",1
"1488"," Zhan, Z.",1
"1489"," Zhang, A.",1
"1490"," Zhang, G.",1
"1491"," Zhang, H.",4
"1492"," Zhang, J.",1
"1493"," Zhang, N.",1
"1494"," Zhang, S.",3
"1495"," Zhang, W.",3
"1496"," Zhang, Z.",4
"1497"," Zhao, Q.",1
"1498"," Zhao, W. -jun",1
"1499"," Zharkov, V. N.",1
"1500"," Zheng, X.",1
"1501"," Zheng, Y.",3
"1502"," Zhong, S.",22
"1503"," Zhong, S. J.",1
"1504"," Zhou, L.",2
"1505"," Zhu, H.",2
"1506"," Zhuang, M.",1
"1507"," Zoback, M. D.",1
"1508"," Zuber, M. T.",2
"1509","A Manalaysay, C. Jeong",1
"1510","Aagaard, B. T.",1
"1511","Aaziz, Omar",1
"1512","Abell, Jos{\'e} A.",1
"1513","Adam, J. M-C",1
"1514","Afanasiev, M.",1
"1515","Agata, R.",1
"1516","Agius, M. R.",3
"1517","Agrusta, R.",1
"1518","Alexis Bottero, Paul Cristini",1
"1519","Ali, S. T.",1
"1520","Allen, R. M.",1
"1521","Alparone, S.",1
"1522","Andrews, E. R.",1
"1523","Antonioli, F.",2
"1524","Appel{\""o}, D.",1
"1525","Arndt, N. T.",1
"1526","Arredondo, K. M.",1
"1527","Arrial, P-A",2
"1528","Artru, J.",1
"1529","Attanayake, J.",1
"1530","Attreyee Ghosh, G. Thyagarajulu",1
"1531","Austermann, J.",2
"1532","B{\""o}se, M.",2
"1533","Bae, H. S.",1
"1534","Bakir, A. C.",2
"1535","Ballmer, M. D.",3
"1536","Bangerth, W.",3
"1537","Barbot, S.",3
"1538","Baron, J.",1
"1539","Barri{\`e}re, Julien",1
"1540","Basini, P.",1
"1541","Bautista-Gomez, L.",1
"1542","Bayless, J.",1
"1543","Becker, T.",1
"1544","Becker, T. W.",6
"1545","Beghein, C.",1
"1546","Beutel, E.",1
"1547","Bharadwaj, P.",1
"1548","Bianco, T. A.",1
"1549","Billen, M. I.",2
"1550","Bissig, F.",1
"1551","Blanc, E.",1
"1552","Blitz, C.",1
"1553","Blom, C. A. H.",1
"1554","Bobrova, A. M.",1
"1555","Bonaccorso, A.",1
"1556","Bonaduce, A.",1
"1557","Borgeaud, A. F. E.",1
"1558","Boschi, L.",1
"1559","Bottero, A.",1
"1560","Bou{\'e}, P.",1
"1561","Boue, P.",1
"1562","Bower, D. J.",4
"1563","Bozdag, E.",4
"1564","Bredow, E.",3
"1565","Bruhat, L.",2
"1566","Buffett, B.",1
"1567","Buffett, B. A.",1
"1568","Bull, A. L.",1
"1569","Burkett, E.",1
"1570","Burkett, E. R.",2
"1571","Carbias, aD",1
"1572","Carrington, L.",1
"1573","Casarotti, E.",1
"1574","Chaljub, E.",1
"1575","Chao Zhang, Huajian Yao",1
"1576","Chelli, A.",1
"1577","Chen, J.",1
"1578","Chen, M.",4
"1579","Chen, S.",1
"1580","Cheng, X-Q",1
"1581","Cheng, X.",1
"1582","Chevrot, S.",2
"1583","Cho, I.",1
"1584","Choi, E.",1
"1585","Choi, E. -seo",2
"1586","Christensen, U.",1
"1587","Christensen, U. R.",2
"1588","Citron, R. I.",1
"1589","Clinton, J.",1
"1590","Clinton, J. F.",1
"1591","Clouzet, P.",1
"1592","Colombi, A.",2
"1593","Coltice, N.",3
"1594","Conrad, C. P.",11
"1595","Cooper, C. M.",1
"1596","Cottaar, S.",2
"1597","Cox, S. P.",1
"1598","Cristini, P.",1
"1599","Cruz, L.",2
"1600","Currenti, G.",3
"1601","Dalton, C. A.",1
"1602","Danis, C.",1
"1603","Dannberg, J.",4
"1604","Daubar, I.",1
"1605","Davies, D. R.",2
"1606","Davies, J. H.",1
"1607","de Boer, B.",2
"1608","de Wit, R. W. L.",2
"1609","Debaille, V.",1
"1610","Delgado, F.",1
"1611","Dempsey, D.",1
"1612","Deubelbeiss, Y.",1
"1613","Dhanya, J.",2
"1614","Diao, F.",2
"1615","DiCaprio, L.",2
"1616","Dimitri Komatitsch",1
"1617","Dimitri Komatitsch, Zhinan Xie",1
"1618","Douilly, R.",1
"1619","Dreger, D. S.",2
"1620","Drilleau, M.",1
"1621","Dubois, L.",1
"1622","Dupros, F.",1
"1623","Durand, S.",1
"1624","Dyksterhuis, S.",1
"1625","E. Koufoudi, E. Chaljub",1
"1626","Eeken, T.",1
"1627","Eilon, Z.",1
"1628","Elkins Tanton, L. T.",1
"1629","Elkins-Tanton, L. T.",3
"1630","Ellowitz, Molly Kathryn",1
"1631","ESTHER KEZIA CANDACE JAMES",1
"1632","Evelpidou, N.",2
"1633","Ewert, H.",1
"1634","Faccenna, C.",3
"1635","Farnetani, C. G.",2
"1636","Favier, N.",1
"1637","Favretto-Cristini, N.",1
"1638","Fay, N. P.",1
"1639","Featherstone, N.",2
"1640","Featherstone, N. A.",2
"1641","Feng, L.",1
"1642","Fenoglio-Marc, L.",2
"1643","Flament, N.",2
"1644","Florido, E.",1
"1645","Foley, B. J.",1
"1646","Forno, G. D.",1
"1647","Fraters, M. R. T.",1
"1648","Freeburn, R.",1
"1649","Fuller, C. W.",1
"1650","G{\'o}mez, D. D.",1
"1651","G{\""o}ddeke, D.",1
"1652","Gade, M.",1
"1653","Gaherty, J. B.",1
"1654","Galassi, G.",2
"1655","Galvez, P.",1
"1656","Gassm{\""o}ller, R.",2
"1657","Gassmoeller, R.",1
"1658","Gharti, H. N.",3
"1659","Ghosh, A.",2
"1660","Giaime, M.",1
"1661","Glatzmaier, G. A.",1
"1662","Glerum, A.",1
"1663","Goddeke, D.",1
"1664","Godfrey, K. E.",1
"1665","Godinho, L.",1
"1666","Gok",1
"1667","Gomez, D. D.",1
"1668","Goslin, J.",1
"1669","Goyette, S.",1
"1670","Gregorian, P.",1
"1671","Groh, A.",1
"1672","Gu, T.",1
"1673","Guo, Z.",1
"1674","Gurnis, M.",2
"1675","H{\""o}ink, T.",2
"1676","H{\~A}{\textparagraph}ink, T.",1
"1677","Hager, B. H.",1
"1678","Hager, Bradford H.",1
"1679","Haines, A. J.",1
"1680","Han, L.",5
"1681","Hanasoge, S. M.",1
"1682","Harff, J.",1
"1683","Harig, C.",1
"1684","Harms, J.",1
"1685","Harris, R. A.",3
"1686","Haugland, S. M.",1
"1687","Hauksson, E.",1
"1688","Haynie, K. L.",1
"1689","He, Y.",1
"1690","Hebert, L. B.",1
"1691","Heckman, V. M.",2
"1692","Heien, E. M.",1
"1693","Heister, T.",2
"1694","Heister, Timo",1
"1695","Henderson, S. T.",2
"1696","Hendriyana, A.",1
"1697","Heron, P. J.",1
"1698","Hetland, E. A.",1
"1699","Heyn, B. H.",1
"1700","Hines, J. M.",1
"1701","Hines, T. T.",1
"1702","Hirakawa, Evan",1
"1703","Hitchman, S.",1
"1704","Hj{\""o}rleifsd{\'o}ttir, V.",1
"1705","Hoffmann, F.",1
"1706","Holden, L.",1
"1707","Hong, T-K",1
"1708","Hosseini, K.",1
"1709","Howard, T.",2
"1710","Hsu, Y-J",2
"1711","Hu, X.",1
"1712","Hu, X. G.",2
"1713","Huang, J.",2
"1714","Humphreys, E. D.",1
"1715","Hunt, D. L.",1
"1716","Husson, L.",3
"1717","Hutko, A. R.",1
"1718","I., A. M.",1
"1719","Ichimura, T.",1
"1720","Imperatori, W.",1
"1721","Inoue, N.",1
"1722","Irving, J. C. E.",1
"1723","Issiaka, T. O.",1
"1724","Ita, J.",2
"1725","Jadamec, M. A.",6
"1726","Jagalur-Mohan, J.",1
"1727","Jayalakshmi, S.",1
"1728","Jerry, R. R. V.",1
"1729","Jevrejeva, S.",1
"1730","Jha, B.",4
"1731","Ji, C.",1
"1732","Jin, L.",1
"1733","Johansen, H.",1
"1734","Jonathan Poh Jing Cun",1
"1735","Juhel, K.",1
"1736","Kaislaniemi, L.",1
"1737","Kaneko, Y.",3
"1738","Kangchen Bai, Jean-Paul Ampuero",1
"1739","Karak, B. B.",1
"1740","Karimi, B.",2
"1741","Kasey W. Schultz, Michael K. Sachs",1
"1742","Katz, D. S.",1
"1743","Ke, Y.",2
"1744","Kelevitz, K.",1
"1745","Kellogg, L. H.",5
"1746","Kennett, B. L. N.",2
"1747","Key, K.",1
"1748","Khan, S.",1
"1749","Khodaverdian, A.",2
"1750","Kiefer, W. S.",2
"1751","Kim Torberntsson",1
"1752","Kim, D.",1
"1753","Kim, Y-M",1
"1754","Kim, Y. H.",2
"1755","King, S. D.",8
"1756","Knapmeyer-Endrun, B.",1
"1757","Koene, E. F. M.",1
"1758","Koglin Jr., D. E.",1
"1759","Komatitsch, D.",23
"1760","Kopp, R. E.",1
"1761","Kreiss, H-O",1
"1762","Krischer, L.",3
"1763","Krishnan, S.",3
"1764","Kronbichler, M.",1
"1765","L. Lambrecht, A. Lamert",1
"1766","L{\""a}hivaara, T.",1
"1767","Lahivaara, T.",1
"1768","Larmat, C.",1
"1769","Larmat, C. S.",1
"1770","Larson, R. L.",1
"1771","Lassak, T. M.",1
"1772","Le Pourhiet, L.",1
"1773","Lee, C.",4
"1774","Lee, E-J",1
"1775","Lee, S-J",4
"1776","Lenardic, A.",9
"1777","Leng, K.",1
"1778","Leng, W.",2
"1779","Levandowski, W.",1
"1780","Li, F.",1
"1781","Li, G.",1
"1782","Li, M.",1
"1783","Li, S.",6
"1784","Li, Y.",1
"1785","Lim, C.",1
"1786","Lin, C-P",1
"1787","Lin, F-C",1
"1788","Lindsey, E. O.",1
"1789","Liu, C.",1
"1790","Liu, L.",5
"1791","Liu, Q.",3
"1792","Liu, S.",1
"1793","Liu, T.",2
"1794","Liu, X.",1
"1795","Liu, Y.",1
"1796","Lloyd, S.",1
"1797","Lognonn{\'e}, P.",1
"1798","Long, M. D.",1
"1799","Long, X.",1
"1800","Lorscheid, T.",1
"1801","Lovely, P.",1
"1802","Lu, C.",1
"1803","Luo, Y.",3
"1804","M{\'e}min, A.",1
"1805","M{\'e}tivier, L.",1
"1806","Ma, X.",1
"1807","Ma, Z.",1
"1808","Maceira, M.",1
"1809","Madec, R.",1
"1810","Maggi, A.",1
"1811","Magni, V.",1
"1812","Magnoni, F.",1
"1813","Majstorovic, J.",1
"1814","Manea, V.",1
"1815","Manea, V. C.",2
"1816","Mann, T.",1
"1817","Manuel Hobiger, C{\'e}cile Cornou",1
"1818","Martens, H. R.",1
"1819","Martin, R.",6
"1820","Masuti, S.",2
"1821","Matharu, G.",1
"1822","Matsui, H.",2
"1823","Matthews, K. J.",1
"1824","Maufroy, E.",1
"1825","Maunder, B.",1
"1826","Maunder, Benjamin",1
"1827","Mauz, B.",1
"1828","McKinnon, W. B.",1
"1829","McLaskey, G. C.",1
"1830","McLellan, M.",1
"1831","McNamara, A. K.",4
"1832","Melini, D.",1
"1833","Melnick, D.",1
"1834","Meng, L.",2
"1835","Mercerat, E. D.",1
"1836","Meschede, M. A.",1
"1837","Meyssignac, B.",3
"1838","Miah, M.",1
"1839","Mich{\'e}a, D.",1
"1840","Michel, R.",1
"1841","Miller, M. S.",1
"1842","Miquel, B.",1
"1843","Mitri, G.",1
"1844","Mitsui, Y.",1
"1845","Modrak, R.",1
"1846","Montague, N. L.",1
"1847","Monteiller, V.",2
"1848","Morency, C.",3
"1849","Moreno, M.",1
"1850","Moresi, L-N",1
"1851","Moresi, L.",3
"1852","Moschetti, M. P.",1
"1853","Motoki, M. H.",1
"1854","Moucha, R.",1
"1855","Mouslopoulou, V.",1
"1856","Moussatat, N.",1
"1857","Murdoch, N.",1
"1858","Myhill, R.",2
"1859","N.J. Mancinelli, K. M. Fischer",1
"1860","Nagaso, M.",2
"1861","Naliboff, J. B.",3
"1862","Natarov, S. I.",1
"1863","Nayak, A.",2
"1864","Nevitt, J. M.",1
"1865","Nguyen, L. T.",2
"1866","Ni, S.",1
"1867","Nielsen, E.",1
"1868","Nielsen, J. E.",1
"1869","Nielsen, K.",3
"1870","Nissen-Meyer, T.",4
"1871","Nissen-Meyer, T. F.",1
"1872","Nooner, S. L.",2
"1873","O., L. E.",1
"1874","O{\textquoteright}Mara, B.",1
"1875","O{\textquoteright}Neill, C.",2
"1876","O{\textquoteright}Neill, C. J.",1
"1877","Obermaier, H.",1
"1878","Obermann, A.",1
"1879","Ohneiser, C.",1
"1880","Olivieri, M.",1
"1881","Olson, P.",6
"1882","ONeill, C.",1
"1883","Orbovic",1
"1884","Orth, C. P.",1
"1885","Orvedahl, R. J.",1
"1886","Ozgun Konca, A.",1
"1887","P. Stocchi",1
"1888","Paap, B.",1
"1889","Palombo, M. R.",1
"1890","Panda, D.",1
"1891","Pasyanos, M. E.",1
"1892","Pedersen, H. A.",2
"1893","Perry-Houts, J.",1
"1894","Peter, D.",1
"1895","Peterson, K. E.",1
"1896","Petersson, N. A.",4
"1897","Pfeffer, J.",1
"1898","Pham, T-S",1
"1899","Piromallo, C.",1
"1900","Pitarka",1
"1901","Pitarka, Arben",1
"1902","Pratama, C.",2
"1903","Puckett, E. G.",1
"1904","Puster, P.",2
"1905","Pysklywec, R. N.",1
"1906","Qu{\'e}r{\'e}, S.",1
"1907","R.R. Grove",1
"1908","Ramsay, T.",1
"1909","Rappaport, S.",1
"1910","Rashid, R.",1
"1911","Ravenna, M.",1
"1912","Redmond, H. L.",1
"1913","Renaud, G.",1
"1914","Retailleau, L.",2
"1915","Rey, P. F.",8
"1916","Richter, A.",1
"1917","Rietmann, M.",2
"1918","Rijsdijk",1
"1919","Ringler, A. T.",1
"1920","Ristau, J.",1
"1921","Ritsema, J.",3
"1922","Roberts, J. H.",6
"1923","Roden, J. A.",1
"1924","Rodgers, A. J.",1
"1925","Rollins, C.",1
"1926","Rose, I.",2
"1927","Rose, I. R.",1
"1928","Rousset, B.",1
"1929","Roux, P.",1
"1930","Rovere, A.",1
"1931","Rowland, A.",1
"1932","Ruan, Y.",1
"1933","Rudolph, M. L.",1
"1934","Rugenstein, M.",1
"1935","Rundle, J. B.",1
"1936","Rundle, P. B.",1
"1937","Rupert Green",1
"1938","Ruppert, N. A.",1
"1939","Russell, J. B.",1
"1940","Rutqvist, J.",1
"1941","S{\o}rensen, L. S.",1
"1942","Sachs, M. K.",1
"1943","Sales de Andrade, E.",1
"1944","Samuel, H.",1
"1945","Santamara-Gomez, A.",1
"1946","Savage, B.",2
"1947","Schaefer, J. F.",1
"1948","Schaefer, L.",1
"1949","Schmandt, B.",1
"1950","Schneider, S.",1
"1951","Schuberth, B. S. A.",2
"1952","Schultz, K. W.",4
"1953","Schumacher, F.",2
"1954","Schumacher, L.",1
"1955","Schuurmans, L. F. J.",1
"1956","Scognamiglio, L.",1
"1957","Sekhar, P.",1
"1958","Sengupta, P.",2
"1959","Serpelloni, E.",1
"1960","Shapiro, S. S.",1
"1961","Shelley, A.",1
"1962","Shephard, G. E.",3
"1963","Shim, S-H",1
"1964","Showman, A. P.",2
"1965","Sidorin, I.",1
"1966","Sieminski, A.",4
"1967","Simaiakis, Stylianos M.",1
"1968","Sj{\""o}green, B.",2
"1969","Sleep, N. H.",1
"1970","Smith, W. S.",1
"1971","Smrekar, S. E.",1
"1972","Sodoudi, F.",1
"1973","Solomatov, V. S.",1
"1974","Somala, S. N.",1
"1975","Sone, H.",1
"1976","Spada",1
"1977","Spada, G.",10
"1978","Spada, Giorgio",1
"1979","Spasojevic, S.",4
"1980","Squyres, S. W.",1
"1981","Sr{\'a}mek, O.",2
"1982","St{\""a}hler, S. C.",1
"1983","Stehly, L.",1
"1984","Steinberger, B.",2
"1985","Stich, D.",2
"1986","Stocchi, P.",5
"1987","Sudarmaji",1
"1988","Sun, D.",1
"1989","Sun, Y-C",1
"1990","Suss, M. P.",1
"1991","Tackley, P. J.",1
"1992","Tago, J.",1
"1993","Takeyama, K.",1
"1994","Tan, E.",4
"1995","Tanton, L. T. E.",1
"1996","Tape, C.",3
"1997","Taposeea, C. A.",1
"1998","Taylor, B.",1
"1999","Th{\'e}baud, N.",1
"2000","Thieulot, C.",1
"2001","Thompson, J.",1
"2002","Thompson, J. M.",1
"2003","Tiwari, R. C.",3
"2004","To, A.",1
"2005","Todd, E. K.",1
"2006","Todoriki, M.",1
"2007","Toker, E.",1
"2008","Tong, P.",2
"2009","Tosi, N.",1
"2010","Traore, O. I.",1
"2011","Trever T. Hines",1
"2012","Tromp, J.",5
"2013","Trubitsyn, V. P.",3
"2014","Tsimplis, M.",1
"2015","Tsuboi, S.",3
"2016","Tsuda, K.",1
"2017","Tuccimei, P.",1
"2018","Tullis, T. E.",1
"2019","Urpi, L.",1
"2020","Vacchi, M.",2
"2021","Vai, R.",1
"2022","van Driel, M.",6
"2023","van Hinsbergen, D. J. J.",1
"2024","van Keken, P. E.",2
"2025","van Summeren, J.",3
"2026","van Wijk, K.",1
"2027","Veedu, D. M.",1
"2028","Vidar Stiernstr{\""o}m",1
"2029","Vilibic, I.",1
"2030","Volk, O.",1
"2031","W{\""o}ppelmann, G.",1
"2032","Wallace, L. M.",1
"2033","Wang, C.",1
"2034","Wang, F.",1
"2035","Wang, H.",1
"2036","Wang, K.",2
"2037","Wang, N.",1
"2038","Wang, X.",3
"2039","Wang, Y.",1
"2040","Wardah Mohammad Fadil",1
"2041","Waszek, L.",2
"2042","Watanabe, S. -i",1
"2043","Watters, W. A.",1
"2044","Weller, M. B.",4
"2045","Weng, H.",4
"2046","West, Loyd Travis",1
"2047","Whitney, D. L.",2
"2048","Wicks, J. K.",1
"2049","Williams, C. A.",2
"2050","Williams, C. D.",1
"2051","Wilson, J. M.",1
"2052","Wollherr, S.",1
"2053","X. Wang",1
"2054","Xie, J.",3
"2055","Xie, Z.",2
"2056","Xing, Z.",1
"2057","Yakovlev, G.",1
"2058","Yang, H-Y",1
"2059","Yang, H.",1
"2060","Yang, T.",1
"2061","Yikilmaz, M. B.",3
"2062","Yildiz, S.",1
"2063","Yin, J.",1
"2064","Yoder, M. R.",1
"2065","Yuan, K.",2
"2066","Yuan, Y. O.",1
"2067","Z{\'a}branov{\'a}, E.",2
"2068","Zahirovic, S.",1
"2069","Zelst, I. van",1
"2070","Zha, X.",1
"2071","Zha, Y.",1
"2072","Zhan, Q.",1
"2073","Zhang, N.",6
"2074","Zhang, S.",2
"2075","Zhang, W.",1
"2076","Zhao, J. -guo",1
"2077","Zhen Guo, Yingjie Yang",1
"2078","Zheng, L.",1
"2079","Zheng, Y.",2
"2080","Zhong, S.",11
"2081","Zhou, Y.",1
"2082","Zhu, G.",1
"2083","Zhu, H.",7
"2084","Zhu, L.",1
